<?xml version="1.0" encoding="UTF-8"?>

<beans xmlns="http://www.springframework.org/schema/beans"
		xmlns:context="http://www.springframework.org/schema/context"
		xmlns:xsi="http://www.w3.org/2001/XMLSchema-instance"
		xsi:schemaLocation=
				"http://www.springframework.org/schema/beans 
				http://www.springframework.org/schema/beans/spring-beans.xsd
				http://www.springframework.org/schema/context 
				http://www.springframework.org/schema/context/spring-context.xsd">
    
   <!-- :: 공통적인 사항을 설정한 common-servlet.xml 사용. -->
    
    <!--  ㅇ 어노테이션 기반 :: Spring Framework 사용.
    		ㅇ @Controller annotation 선언된 Bean 만 Wiring
		   ㅇ @Service / @Repository  annotation 선언된 Bean 은 Scan 제외 -->
	<context:component-scan base-package="com.model2.mvc.web">
		<context:include-filter 	type="annotation"		expression="org.springframework.stereotype.Controller" />
		<context:exclude-filter 	type="annotation" 	expression="org.springframework.stereotype.Service"/>
		<context:exclude-filter 	type="annotation" 	expression="org.springframework.stereotype.Repository"/>
	</context:component-scan>            

      
	 <!-- ::  Annotation 지원 HandlerMapping 선언  -->
	 <!-- 
	 	# Spring 4.X 에서 사용. 5.X에서 Deprecation 됨
	 	<bean class="org.springframework.web.servlet.mvc.annotation.DefaultAnnotationHandlerMapping"/>
	 	
	 	# Spring 5.X 에서 아래의 Bean 사용
	  -->
	  
  <!-- ///////////////////////////////////////////////////////////////////////////////////////////////////////////////// -->
    <!--  :: Interceptor 선언 : 로그인 유무확인.  추가 부분 -->
	 <bean class="org.springframework.web.servlet.mvc.method.annotation.RequestMappingHandlerMapping">
	 	 <property name="order" value="0"/>
		<property name="interceptors" ref="logonCheckInterceptor"/>
	 </bean>
	 
	 <!--  :: Interceptor 선언 : 로그인 유무확인. -->
	<bean id="logonCheckInterceptor"	class="com.model2.mvc.common.web.LogonCheckInterceptor" />
	<!-- //////////////////////////////////////////////////////////////////////////////////////////////////////////////// -->					


	<!--  :: ViewResolver 선언 -->	
    <bean id="viewResolver"
				class="org.springframework.web.servlet.view.InternalResourceViewResolver" />
	

	<!-- 	:: exception resolver  선언 :: 서술적 / 선언적 예외처리 
			:: Servlet 에서의 선언적 예외처리를 다시 생각하며....  -->
	<bean id="exceptionResolver"
				class="org.springframework.web.servlet.handler.SimpleMappingExceptionResolver">
		
		<property name="exceptionMappings">
			<props>
				<prop key="java.lang.NullPointerException">/common/nullError.jsp</prop>
				<prop key="java.lang.NumberFormatException">/common/numberFormatError.jsp</prop>
			</props>
		</property>
		
		<property name="defaultErrorView"	value="/common/error.jsp" />
		
	</bean>

</beans>