<?xml version="1.0" encoding="UTF-8"?>

<beans xmlns="http://www.springframework.org/schema/beans"
	xmlns:xsi="http://www.w3.org/2001/XMLSchema-instance"
	xsi:schemaLocation="http://www.springframework.org/schema/beans
		http://www.springframework.org/schema/beans/spring-beans.xsd">
	
	<!-- PropertyPlaceholderConfigurer로 로드된 resource는 ${}로 접근 가능 -->
	<bean id="propertyConfigurer"
		class="org.springframework.beans.factory.config.PropertyPlaceholderConfigurer">
		<property name="location" value="classpath:config/jdbc.properties" />
	</bean>

	<!--  네엣: DBCP(Apache Commons Database Connection) 사용 -->
	<bean id="dataSource"
		class="org.apache.commons.dbcp.BasicDataSource">
  	<property name="driverClassName" value="${jdbc.driverClassName}" />
  	<property name="url" value="${jdbc.url}" />
 	<property name="username" value="${jdbc.username}" />
 	<property name="password" value="${jdbc.password}" />
	<property name="initialSize" value="${jdbc.initialSize}" />
	<property name="maxActive" value="${jdbc.maxActive}" />
	</bean>

	<!-- SqlSession 인스턴스를 생성하는 SqlSessionFactory 생성 
 		Factory Pattern 적용:: Spring의 FactoryBean interface구현-->
 	<bean id="sqlSessionFactoryBean"
 			class="org.mybatis.spring.SqlSessionFactoryBean">
 		<property name="dataSource" ref="dataSource"/>
 		<property name="configLocation" value="classpath:sql/mybatis-config13.xml"/>
 	</bean>
 
 	<!-- SqlSessionTemplate 인스턴스 생성 
 		Spring과 연동시 사용하는 핵심 SqlSession 구현체
 		Spring에서 제공하는 Transaction 처리에 구조화된 SqlSession 구현체-->
 	<bean id="sqlSessionTemplate" class="org.mybatis.spring.SqlSessionTemplate" >
 		<constructor-arg ref="sqlSessionFactoryBean"/>
 	</bean>
 
 </beans>