<?xml version="1.0" encoding="UTF-8"?>

<beans xmlns="http://www.springframework.org/schema/beans"
	xmlns:context="http://www.springframework.org/schema/context"

	xmlns:xsi="http://www.w3.org/2001/XMLSchema-instance"
	xsi:schemaLocation="http://www.springframework.org/schema/beans
						http://www.springframework.org/schema/beans/spring-beans.xsd
						
						http://www.springframework.org/schema/context
						http://www.springframework.org/schema/context/spring-context.xsd">

	<bean id="propertyConfigurer"
		class="org.springframework.beans.factory.config.PropertyPlaceholderConfigurer">
		<property name="location" value="classpath:config/jdbc.properties"/>
	</bean>
	
	<bean id="dataSource"
		class="org.apache.commons.dbcp.BasicDataSource">
  	<property name="driverClassName" value="${jdbc.driverClassName}" />
  	<property name="url" value="${jdbc.url}" />
 	<property name="username" value="${jdbc.username}" />
 	<property name="password" value="${jdbc.password}" />
	<property name="initialSize" value="${jdbc.initialSize}" />
	<property name="maxActive" value="${jdbc.maxActive}" />
	</bean>
	
	<bean id="sqlSessionFactoryBean"
		class="org.mybatis.spring.SqlSessionFactoryBean" >
		<property name="dataSource" ref="dataSource"></property>	
		<property name="configLocation" value="classpath:sql/mybatis-config13.xml"></property>
	</bean>
	
	<bean id="sqlSessionTemplate" class="org.mybatis.spring.SqlSessionTemplate">
		<constructor-arg ref="sqlSessionFactoryBean"></constructor-arg>
	</bean>
	
	<!-- 
	Annotation 기반 : @Component @Autowired, @Resource
	<bean class="org.springframework.beans.factory.annotaion.AutowiredAnnotationBeanPostProcessor"></bean>

	<bean class="org.springframework.context.annotation.CommonAnnotationBeanPostProcessor" />
	 -->
	
	<context:component-scan base-package="mybatis.service.user.impl"/>
	
	<!-- MyBatis 사용...
	<bean id="userDaoImpl14" class="mybatis.service.user.impl.UserDaoImpl14">
		<property name="sqlSession" ref="sqlSessionTemplate"/>
	</bean>-->
	
<!-- 	<bean name="userServiceImpl14" class="mybatis.service.user.impl.UserDaoImpl14">
		<property name="userDao" ref="userDaoImpl14"></property>
	</bean>  -->
</beans>