<?xml version="1.0" encoding="UTF-8" ?>
<beans xmlns="http://www.springframework.org/schema/beans"
		xmlns:xsi="http://www.w3.org/2001/XMLSchema-instance"
		xmlns:context="http://www.springframework.org/schema/context"
		xmlns:aop="http://www.springframework.org/schema/aop"
		xsi:schemaLocation="http://www.springframework.org/schema/beans 
							http://www.springframework.org/schema/beans/spring-beans.xsd
							http://www.springframework.org/schema/context
							http://www.springframework.org/schema/context/spring-context.xsd
							http://www.springframework.org/schema/aop
							http://www.springframework.org/schema/aop/spring-aop.xsd">

	<bean id="propertyConfigurer" class="org.springframework.beans.factory.config.PropertyPlaceholderConfigurer">
		<property name="location" value="classpath:config/jdbc.properties" />
	</bean>
	
	<bean id="dataSource" class="org.apache.commons.dbcp.BasicDataSource">
		<property name="driverClassName" value="${jdbc.driverClassName}" />
		<property name="url" value="${jdbc.url}" />
		<property name="username" value="${jdbc.username}" />
		<property name="password" value="${jdbc.password}" />
		<property name="initialSize" value="${jdbc.initialSize}" />
		<property name="maxActive" value="${jdbc.maxActive}" />
	</bean>
	
	<bean id="sqlSessionFactoryBean" class="org.mybatis.spring.SqlSessionFactoryBean">
		<property name="dataSource" ref="dataSource" />
		<property name="configLocation" value="classpath:sql/mybatis-config13.xml" />
	</bean>
	
	<bean id="sqlSessionTemplate" class="org.mybatis.spring.SqlSessionTemplate">
		<constructor-arg ref="sqlSessionFactoryBean" />
	</bean>
		
	<context:component-scan base-package="mybatis.service.user.impl" />
	
	<bean id="pojoAspect" class="mybatis.service.PojoAspectJ" />
	
	<aop:config>
		<aop:aspect ref="pojoAspect">
			<aop:around pointcut="execution(* mybatis.service.user..*Impl*.*(..))" method="invoke" ></aop:around>
		</aop:aspect>
	</aop:config>
</beans>
