<?xml version="1.0" encoding="UTF-8" ?>

<!DOCTYPE configuration
 		 PUBLIC "-//mybatis.org//DTD Config 3.0//EN"
 		"http://mybatis.org/dtd/mybatis-3-config.dtd">

<configuration>

	<settings>
		<setting name="callSettersOnNulls" value="false" />
	</settings>

	<typeAliases>
		<typeAlias alias="User" type="mybatis.service.domain.User" />
	</typeAliases>

	<!-- ##Connection Pool 관리는 Spring Framework에서 <environments default="development"> 
		<environment id="development"> <transactionManager type="JDBC"/> <dataSource 
		type="POOLED"> <property name="driver" value="${driver}"/> <property name="url" 
		value="${url}"/> <property name="username" value="${username}"/> <property 
		name="password" value="${password}"/> </dataSource> </environment> </environments> -->

	<!-- SQL Definition :: file include -->
	<mappers>
		<mapper resource="sql/UserMapper10.xml" />
	</mappers>

</configuration>