<?xml version="1.0" encoding="UTF-8" ?>

<!DOCTYPE configuration
 		 PUBLIC "-//mybatis.org//DTD Config 3.0//EN"
 		"http://mybatis.org/dtd/mybatis-3-config.dtd">
  						
<!--	
	mybatis-config.xml :: MyBatis Framework 의 핵심 MetaData 로 아래의 설정
	- properties 관리 : 애플리케이션 배포시 공통부분, 각 환경별 다른 값들은 Properties
	                           파일에 독립적으로 관리.
	- ClassName 관리 : FQCN(Full Qualified Class Name) 을 별칭(Alias)관리
	- 기타 설정 : 트랜잭션처리, 커넥션풀 설정, SQL 등 여러 환경설정을 등록,설정...   
-->	  						

<configuration>

	<properties resource="sql/jdbc.properties" />
	
	<settings>
		<setting name="callSettersOnNulls" value="false"/>
	</settings>

	<typeAliases>
		<typeAlias alias="user" type="mybatis.service.domain.User" />
	</typeAliases>

  <environments default="development">
  
    <environment id="development">
      <!-- Transaction Definition -->
      <transactionManager type="JDBC"/>
 	   <!-- javax.sql.DataSource Definition -->      
      <dataSource type="POOLED">
        <property name="driver"  value="${driver}"/>
        <property name="url" value="${url}"/>
        <property name="username"  value="${username}"/>
        <property name="password" value="${password}"/>
      </dataSource>
    </environment>
    
  </environments>

  <!-- SQL Definition :: file include -->
  <mappers>
    <mapper resource="sql/UserMapper.xml"/>
    <mapper resource="sql/UserMapper01.xml"/>
    <mapper resource="sql/UserMapper02.xml"/>
    <mapper resource="sql/UserMapper03.xml"/>
    <mapper resource="sql/UserMapper04.xml"/>
    <mapper resource="sql/UserMapper05.xml"/>
    <mapper resource="sql/UserMapper06.xml"/>
    <mapper resource="sql/UserMapper07.xml"/>
    <mapper resource="sql/UserMapper08.xml"/>
    <mapper resource="sql/UserMapper09.xml"/>
    <mapper resource="sql/UserMapper10.xml"/>
  </mappers>

</configuration>