<?xml version="1.0" encoding="UTF-8" ?>

<!DOCTYPE mapper
		PUBLIC "-//mybatis.org//DTD Mapper 3.0//EN"
		"http://mybatis.org/dtd/mybatis-3-mapper.dtd">

<mapper namespace="UserMapper07">

	<resultMap type="user" id="userSelectMap">
		<result property="userId" column="user_id" jdbcType="VARCHAR" />
		<result property="userName" column="user_name"
			jdbcType="VARCHAR" />
		<result property="password" column="password"
			jdbcType="VARCHAR" />
		<result property="age" column="age" jdbcType="INTEGER" />
		<result property="grade" column="grade" jdbcType="NUMERIC" />
		<result property="regDate" column="reg_date" jdbcType="DATE" />
	</resultMap>

	<!-- <select id="getUserList01" parameterType="user" resultMap="userSelectMap"> 
		SELECT user_id, user_name, password, age, grade, reg_date FROM users <where> 
		<if test="userName != null"> user_name =#{user_name}</if> <if test="age!=null"> 
		AND age=#{age}</if> </where> ORDER BY user_id DESC </select> -->

	<select id="getUserList01" parameterType="user"
		resultMap="userSelectMap">
		SELECT
		user_id, user_name, password, age, grade, reg_date
		FROM users
		<trim prefix="WHERE" prefixOverrides="AND|OR">
			<if test="userName != null">
				user_name =#{userName}
			</if>
			<if test="age!=null">
				AND age =#{age}
			</if>
		</trim>
		ORDER BY user_id DESC
	</select>

	<!-- <select id="getUserList02" parameterType="user" resultMap="userSelectMap"> 
		SELECT user_id, user_name, password, age, grade, reg_date FROM users <where> 
		<if test="grade != 0"> grade =#{grade}</if> <if test="grade == 0"> grade 
		IS NULL</if> <if test="age != null"> OR age =#{age}</if> <if test="age == 
		null"> OR age IS NULL</if> <if test="age == null and regDate == null"> OR 
		reg_date IS NULL </if> </where> ORDER BY user_id DESC </select> -->


	<select id="getUserList02" parameterType="user"
		resultMap="userSelectMap">
		SELECT
		user_id, user_name, password, age, grade, reg_date
		FROM users
		<trim prefix="WHERE" prefixOverrides="AND|OR">
			<if test="grade != 0"> grade =#{grade}</if>
			<if test="grade == 0"> grade IS NULL</if>
			
			<if test="age != null"> OR age = #{age}</if>
			<if test="age == null"> OR age IS NULL</if>

			<if test="age == null and regDate == null">
				OR reg_date IS NULL
			</if>
		</trim>
		ORDER BY user_id DESC
	</select>

	<insert id="addUser" parameterType="user">
		INSERT
		INTO users(user_id, user_name,password,age,grade,reg_date)
		VALUES( #{userId}, #{userName}, #{password}, #{age:INTEGER},
		<if test="grade==0">null</if>
		<if test="grade!=0">#{grade}</if>,
		#{regDate:DATE})
	</insert>

	<delete id="removeUser" parameterType="java.lang.String">
		DELETE FROM users WHERE user_id =#{value}
	</delete>

</mapper>