<?xml version="1.0" encoding="UTF-8" ?>

<!DOCTYPE mapper
		PUBLIC "-//mybatis.org//DTD Mapper 3.0//EN"
		"http://mybatis.org/dtd/mybatis-3-mapper.dtd">

<!--	
	UserMapper.xml :: SQL 를 갖는 MetaData 
	
	- MyBatis Framework 은 XML MetaData 를 사용 SQL구문을 관리
	  (SQL은 xml 을 통해 적절히 캡슐화 되어 애플리케이선 외부로 분리함)
	- SQL문의 입력(?) / 출력(?)을 매핑한다.  <== 아래의 select element 참조
 -->		
 					
<mapper namespace="UserMapper06">

	<!-- 위의  namespace 이용 Application 에서 UserMapper.~~ 로 아래의 SQL 을 참조  
	 	  :: 아래의 query 수행 후 결과 resultType 에 선언된 User Domain Object 
	 	   	  Field ( property )에 자동연결(?,바인딩)
	 	  :: SQL / Query 의 Alias 와 User Domain Object 의 Field 이름 동일한 것 확인.  -->

<resultMap id="userSelectMap" type="user">
	<result property="userId" column="user_id" jdbcType="VARCHAR"/>
	<result property="userName" column="user_name" jdbcType="VARCHAR"/>
	<result property="password" column="password" jdbcType="VARCHAR"/>
	<result property="age" column="age" jdbcType="INTEGER"/>
	<result property="grade" column="grade" jdbcType="NUMERIC"/>
	<result property="regDate" column="reg_date" jdbcType="DATE"/>
</resultMap>

  	
  	<select 	id="getUserList01" 	parameterType="user" resultMap="userSelectMap">
		SELECT
		user_id, user_name, password, age, grade, reg_date
		FROM users
		
		<where>
		<if test="userName != null">
			user_name = #{userName}
		</if>
		<if test="age != null">
			AND age=#{age}
		</if>
		</where>
		ORDER BY user_id DESC   											
  	</select>
  	
  	<select id="getUserList02" parameterType="user" resultMap="userSelectMap">
  		SELECT
		user_id, user_name, password, age, grade, reg_date
		FROM users
		
		<where>
		<if test="grade != 0">
			grade = #{grade}
		</if>
		<if test="grade == 0">
			grade IS NULL
		</if>
		<if test="age != null">
			OR age=#{age}
		</if>
		<if test="age == null">
			OR age IS NULL
		</if>
		<if test="age == null and regDate == null">
			OR reg_date IS NULL
		</if>
		</where>
		ORDER BY user_id DESC	 
  	</select>
  	
  	<insert id="addUser" parameterType="user">
  		INSERT
  		INTO users(user_id, user_name, password, age, grade, reg_date)
  		VALUES( #{userId},
  				#{userName},
  				#{password},
  				#{age:INTEGER},
  				<if test="grade==0">null</if>
  				<if test="grade!=0">#{grade}</if>,
  				#{regDate:DATE} )
  	</insert>
  	
  	<delete id="removeUser" parameterType="java.lang.String">
  		DELETE
  		FROM users
  		WHERE user_id = #{value}
  	</delete>
  	
  	
</mapper>