<?xml version="1.0" encoding="UTF-8" ?>

<!DOCTYPE mapper
		PUBLIC "-//mybatis.org//DTD Mapper 3.0//EN"
		"http://mybatis.org/dtd/mybatis-3-mapper.dtd">

<!--	
	UserMapper.xml :: SQL 를 갖는 MetaData 
	
	- MyBatis Framework 은 XML MetaData 를 사용 SQL구문을 관리
	  (SQL은 xml 을 통해 적절히 캡슐화 되어 애플리케이선 외부로 분리함)
	- SQL문의 입력(?) / 출력(?)을 매핑한다.  <== 아래의 select element 참조
 -->		
 					
<mapper namespace="UserMapper01">

	<!-- 위의  namespace 이용 Application 에서 UserMapper.~~ 로 아래의 SQL 을 참조  
	 	  :: 아래의 query 수행 후 결과 resultType 에 선언된 User Domain Object 
	 	   	  Field ( property )에 자동연결(?,바인딩)
	 	  :: SQL / Query 의 Alias 와 User Domain Object 의 Field 이름 동일한 것 확인.  -->
  	
  	<select id="getUserList" resultType="mybatis.service.domain.User">
		SELECT
		user_id 	AS userId,
		user_name 	AS userName,
		password,
		age,
		grade,
		reg_date 	AS regDate
		FROM users											
  	</select>
  	<select id="getUser" parameterType="java.lang.String"
  	resultType="mybatis.service.domain.User">
  		SELECT
  		user_id 	AS userId,
  		user_name 	AS userName,
  		password,
  		age,
  		grade,
  		reg_date 	AS regDate
  		FROM users
  		WHERE user_id = #{value}
  	</select>

	<select id="findUserId" parameterType="user" resultType ="string">
		SELECT
		user_name
		FROM users
		WHERE user_id = #{userId} AND password = #{password}
	</select>
	
	<select id="getUserListAge" parameterType="int" resultType="String">
		SELECT
		user_name
		FROM users
		WHERE age = #{age}
	</select>
</mapper>