<?xml version="1.0" encoding="UTF-8" ?>

<!DOCTYPE mapper
		PUBLIC "-//mybatis.org//DTD Mapper 3.0//EN"
		"http://mybatis.org/dtd/mybatis-3-mapper.dtd">

<!--	
	UserMapper.xml :: SQL 를 갖는 MetaData 
	
	- MyBatis Framework 은 XML MetaData 를 사용 SQL구문을 관리
	  (SQL은 xml 을 통해 적절히 캡슐화 되어 애플리케이선 외부로 분리함)
	- SQL문의 입력(?) / 출력(?)을 매핑한다.  <== 아래의 select element 참조
 -->		
 					
<mapper namespace="UserMapper04">

	<insert id="addUser01"  parameterType="user">
	INSERT
	INTO users(user_id, user_name, password, age, grade, reg_date)
	VALUES(	#{userId,jdbcType=VARCHAR},
			#{userName,jdbcType = VARCHAR},
			#{password,jdbcType = VARCHAR},
			#{age,jdbcType = INTEGER},
			#{grade,jdbcType = NUMERIC},
			#{regDate,jdbcType = DATE} )
	</insert>
	
	<insert id="addUser02"  parameterType="user">
	INSERT
	INTO users(user_id, user_name, password, age, grade, reg_date)
	VALUES(	#{userId,jdbcType=VARCHAR},
			#{userName:VARCHAR},
			#{password:VARCHAR},
			#{age:INTEGER},
			#{grade:NUMERIC},
			#{regDate:DATE} )
	</insert>
	
	<insert id="addUser03"  parameterType="user">
	INSERT
	INTO users(user_id, user_name, password, age, grade, reg_date)
	VALUES(	#{userId},
			#{userName},
			#{password},
			#{age, jdbcType = INTEGER},
			<if test="grade==0">null</if>
			<if test="grade!=0">#{grade}</if>,
			#{regDate, jdbcType = DATE} )
	</insert>
	
	
  	<insert id="addUser04"  parameterType="user">
	INSERT
	INTO users(user_id, user_name, password, age, grade, reg_date)
	VALUES(	#{userId},
			#{userName},
			#{password},
			#{age:INTEGER},
			<if test="grade==0">null</if>
			<if test="grade!=0">#{grade}</if>,
			#{regDate:DATE} )
	</insert>
	
	<update id="updateUser" parameterType="user">
	UPDATE
	SET		user_name = #[userName},
			password  = #[password},
			age		  = #[age:INTEGER},
			grade	  = <if test="grade==0">null</if>
						<if test="grade!=0">#{grade}</if>
	WHERE user_id = #{userId}
	</update>
	
</mapper>