<?xml version="1.0" encoding="UTF-8"?>

<beans 	xmlns="http://www.springframework.org/schema/beans"
				xmlns:xsi="http://www.w3.org/2001/XMLSchema-instance"
				xsi:schemaLocation="http://www.springframework.org/schema/beans
													  http://www.springframework.org/schema/beans/spring-beans.xsd">	
													  
	<bean id = "diceA" class= "spring.service.dice.impl.DiceAlmpl"/>
	<bean id = "diceB" class="spring.sercice.dice.impl.DiceBlmpl"/>
	<bean id= "diceC" class="spring.service.dice.impl.DiceClmpl"/>
	
	<bean id = "player01" class = "spring.service.dice.play.Player02">
	<property name="dice">
		<ref bean="diceA"/>
	</property></bean>
	
	<bean id="player02" class="spring.service.dice.paly.Player02">
		<property name="dice" ref="diceB"/>
	</bean>
	
	<bean id="player03" class="spring.service.dice.play.Player02">
		<constructor-arg>
			<ref bean ="diceC"/>
		</constructor-arg>
	</bean>
	
	<bean id="player04" class="spring.service.dice.paly.Player02">
		<constructor-arg ref="diceA"/>
	</bean>
												 
     <!-- ㅇ Hello instance 생성 서술적, 선언적 기술
			ㅇ bean element 및 attribute 
				- id : instance identifier 
				- class : instance 생성 Bean (FQCN)     -->
				
		<bean id="hello" class="spring.service.hello.Hello"/>

</beans>