<?xml version="1.0" encoding="UTF-8"?>

<beans 	xmlns="http://www.springframework.org/schema/beans"
				xmlns:xsi="http://www.w3.org/2001/XMLSchema-instance"
				xsi:schemaLocation="http://www.springframework.org/schema/beans
													  http://www.springframework.org/schema/beans/spring-beans.xsd">	
	<bean id="user06" class="spring.service.domain.User">
		<constructor-arg value="60" index="0"/>
		<constructor-arg value="06유저" index="2"/>
		<constructor-arg value="6060" index="1"/>
	
		<property name="userId" value="10유저"/>
		<property name="age" value="10"/>
	</bean>
	
	<bean id="user07" class="spring.service.domain.User">
		<constructor-arg value="70유저" type="java.lang.String"/>
		<constructor-arg value="70" type="int"/>
		<constructor-arg ref="passwork" index="1"/>
	</bean>
	
	<bean id="propertyconfigurer" class="org.springframwork.beans.factory.config.PropertyPlaceholderConfigurer">
		<property name="location" value="congig/userservice02.properties"/>
	</bean>
	
	<bean id="user08" class="spring.service.domain.User">
		<property name="age" value="${user.age}"/>
		<property name="userId" value="${user.userId}"/>
		<property name="password" value="${user.password}"/>
	</bean>


</beans>