<?xml version="1.0" encoding="UTF-8"?>

<beans 	xmlns="http://www.springframework.org/schema/beans"
				xmlns:xsi="http://www.w3.org/2001/XMLSchema-instance"
				xsi:schemaLocation="http://www.springframework.org/schema/beans
													  http://www.springframework.org/schema/beans/spring-beans.xsd">	
	<bean id="user01" class="spring.service.domain.User">
		<property name="userId" value="10유주"/>
		<property name="age" value="10"/>
	</bean>
	
	<bean id="password" class="java.lang.String">
		<constructor-arg value="7777"/>
	</bean>
	
	<bean id="user02" class="spring.service.domain.User">
		<property name="age" value="20"/>
		<property name="userId" value="20"/>
		<property name="password" ref="password"/>
		
	</bean>
	
	<bean id="user03" class="spring.service.domain.User"/>
	
	<bean id="user04" class="spring.service.domain.User">
		<constructor-arg value="40"/>
		<constructor-arg value="40유저"/>
	</bean>
	
	<bean id="user05" class="spring.service.domain.User">
		<constructor-arg value="50"/>
		<constructor-arg value="50유저"/>
		<constructor-arg value="5050"/>
	</bean>


</beans>