<?xml version="1.0" encoding="UTF-8"?>

<web-app xmlns="http://xmlns.jcp.org/xml/ns/javaee"
  xmlns:xsi="http://www.w3.org/2001/XMLSchema-instance"
  xsi:schemaLocation="http://xmlns.jcp.org/xml/ns/javaee
                      http://xmlns.jcp.org/xml/ns/javaee/web-app_4_0.xsd"
  version="4.0"
  metadata-complete="true">

<resource-ref>
	<res-ref-name>jdbc/ora</res-ref-name>
	<res-type>javax.sql.DataSource</res-type>
	<res-auth>Container</res-auth>
</resource-ref>

<error-page>
	<error-code>405</error-code>
	<location>/jw05/405ErrorDisplay.html</location>
</error-page>	

<error-page>
<exception-type>java.lang.NullPointerException</exception-type>
<location>/NullErrorDisplay</location></error-page>
	<!-- http://127.0.0.1:8080/edu/FirstServlet -->

</web-app>
