<?xml version="1.0" encoding="UTF-8"?>

<web-app xmlns="http://xmlns.jcp.org/xml/ns/javaee"
  xmlns:xsi="http://www.w3.org/2001/XMLSchema-instance"
  xsi:schemaLocation="http://xmlns.jcp.org/xml/ns/javaee
                      http://xmlns.jcp.org/xml/ns/javaee/web-app_4_0.xsd"
  version="4.0"
  metadata-complete="true">

<servlet>
		<servlet-name>FirstServlet</servlet-name>
		<servlet-class>FirstServlet</servlet-class>
	</servlet>

	<servlet-mapping>
		<servlet-name>FirstServlet</servlet-name>
		<url-pattern>/FirstServlet</url-pattern>
	</servlet-mapping>

	<!-- http://127.0.0.1:8080/edu/FirstServlet -->

</web-app>
