<?xml version="1.0" encoding="UTF-8" ?>
<beans xmlns="http://www.springframework.org/schema/beans"
		xmlns:xsi="http://www.w3.org/2001/XMLSchema-instance"
		xsi:schemaLocation="http://www.springframework.org/schema/beans 
								http://www.springframework.org/schema/beans/spring-beans.xsd">
								
	<bean id="messageTarget"  class ="spring.service.aop.impl.MessageImpl"/>
	
	<bean id = "testAdvice"  class = "spring.service.aop.advice.TestAdvice"/>		
	
	<bean id="testAdvisor"
	class = "org.springframework.aop.aspectj.AspectJExpressionPointcutAdvisor">
	<property name ="advice" ref="testAdvice" />
	<property name="expression" value="execution(* *.getMessage(..))" />
	</bean>	
	
	<bean id="message" class="org.springframework.aop.framework.ProxyFactoryBean">
	<property name="interceptorNames" value="testAdvisor" />
	<property name = "target" ref ="messageTarget"/>
	</bean>
								
</beans>